Smooth Loops,Parallelisim Type,Matrix Size,Nodes,MPI Tasks,Thread Pool,Accuracy,Time,CRC64,Parity,Speedup,Efficiency,SOPS,GSOPS/sec,Karp-Flatt,Overhead,Isoefficiency
2036,0,1024,1,1,1,0.0001,32.380494,06a8ad906dc8a3bb,cff0d5f929dc08e7,1.0000,1.0000,2.13E+09,0.07,n/a,0.00,1.000
2036,1,1024,1,1,1,0.0001,32.398676,06a8ad906dc8a3bb,cff0d5f929dc08e7,0.9994,0.9994,2.13E+09,0.07,n/a,0.02,0.999
2036,1,1024,1,2,1,0.0001,17.262379,06a8ad906dc8a3bb,cff0d5f929dc08e7,1.8758,0.9379,2.13E+09,0.12,0.0662,2.14,0.890
2036,1,1024,1,3,1,0.0001,11.664676,06a8ad906dc8a3bb,cff0d5f929dc08e7,2.7759,0.9253,2.13E+09,0.18,0.0404,2.61,0.817
2036,1,1024,1,4,1,0.0001,8.92318,06a8ad906dc8a3bb,cff0d5f929dc08e7,3.6288,0.9072,2.13E+09,0.24,0.0341,3.31,0.729
2036,1,1024,1,5,1,0.0001,7.132353,06a8ad906dc8a3bb,cff0d5f929dc08e7,4.5399,0.9080,2.13E+09,0.30,0.0253,3.28,0.685
2036,1,1024,1,6,1,0.0001,5.958767,06a8ad906dc8a3bb,cff0d5f929dc08e7,5.4341,0.9057,2.13E+09,0.36,0.0208,3.37,0.639
2036,1,1024,1,7,1,0.0001,5.162744,06a8ad906dc8a3bb,cff0d5f929dc08e7,6.2720,0.8960,2.13E+09,0.41,0.0193,3.76,0.579
2036,1,1024,1,8,1,0.0001,4.542535,06a8ad906dc8a3bb,cff0d5f929dc08e7,7.1283,0.8910,2.13E+09,0.47,0.0175,3.96,0.534
2036,1,1024,1,9,1,0.0001,4.042593,06a8ad906dc8a3bb,cff0d5f929dc08e7,8.0098,0.8900,2.13E+09,0.53,0.0155,4.00,0.502
2036,1,1024,1,10,1,0.0001,3.657178,06a8ad906dc8a3bb,cff0d5f929dc08e7,8.8540,0.8854,2.13E+09,0.58,0.0144,4.19,0.466
2036,1,1024,1,11,1,0.0001,3.319452,06a8ad906dc8a3bb,cff0d5f929dc08e7,9.7548,0.8868,2.13E+09,0.64,0.0128,4.13,0.445
2036,1,1024,1,12,1,0.0001,3.086888,06a8ad906dc8a3bb,cff0d5f929dc08e7,10.4897,0.8741,2.13E+09,0.69,0.0131,4.66,0.398
2036,1,1024,1,13,1,0.0001,2.834289,06a8ad906dc8a3bb,cff0d5f929dc08e7,11.4246,0.8788,2.13E+09,0.75,0.0115,4.47,0.388
2036,1,1024,1,14,1,0.0001,2.823588,06a8ad906dc8a3bb,cff0d5f929dc08e7,11.4679,0.8191,2.13E+09,0.75,0.0170,7.15,0.283
2036,1,1024,1,15,1,0.0001,2.634952,06a8ad906dc8a3bb,cff0d5f929dc08e7,12.2888,0.8193,2.13E+09,0.81,0.0158,7.14,0.269
2036,1,1024,1,16,1,0.0001,2.32775,06a8ad906dc8a3bb,cff0d5f929dc08e7,13.9106,0.8694,2.13E+09,0.91,0.0100,4.86,0.324
2036,1,1024,2,1,1,0.0001,32.414565,06a8ad906dc8a3bb,cff0d5f929dc08e7,0.9989,0.9989,2.13E+09,0.07,n/a,0.03,0.999
2036,1,1024,2,2,1,0.0001,17.255604,06a8ad906dc8a3bb,cff0d5f929dc08e7,1.8765,0.9383,2.13E+09,0.12,0.0658,2.13,0.890
2036,1,1024,2,3,1,0.0001,11.667732,06a8ad906dc8a3bb,cff0d5f929dc08e7,2.7752,0.9251,2.13E+09,0.18,0.0405,2.62,0.816
2036,1,1024,2,4,1,0.0001,8.925084,06a8ad906dc8a3bb,cff0d5f929dc08e7,3.6280,0.9070,2.13E+09,0.24,0.0342,3.32,0.729
2036,1,1024,2,5,1,0.0001,7.133348,06a8ad906dc8a3bb,cff0d5f929dc08e7,4.5393,0.9079,2.13E+09,0.30,0.0254,3.29,0.685
2036,1,1024,2,6,1,0.0001,5.956089,06a8ad906dc8a3bb,cff0d5f929dc08e7,5.4365,0.9061,2.13E+09,0.36,0.0207,3.36,0.640
2036,1,1024,2,7,1,0.0001,5.159835,06a8ad906dc8a3bb,cff0d5f929dc08e7,6.2755,0.8965,2.13E+09,0.41,0.0192,3.74,0.580
2036,1,1024,2,8,1,0.0001,4.543019,06a8ad906dc8a3bb,cff0d5f929dc08e7,7.1275,0.8909,2.13E+09,0.47,0.0175,3.96,0.534
2036,1,1024,2,9,1,0.0001,4.041837,06a8ad906dc8a3bb,cff0d5f929dc08e7,8.0113,0.8901,2.13E+09,0.53,0.0154,4.00,0.503
2036,1,1024,2,10,1,0.0001,3.659572,06a8ad906dc8a3bb,cff0d5f929dc08e7,8.8482,0.8848,2.13E+09,0.58,0.0145,4.22,0.465
2036,1,1024,2,11,1,0.0001,3.337103,06a8ad906dc8a3bb,cff0d5f929dc08e7,9.7032,0.8821,2.13E+09,0.64,0.0134,4.33,0.435
2036,1,1024,2,12,1,0.0001,3.23591,06a8ad906dc8a3bb,cff0d5f929dc08e7,10.0066,0.8339,2.13E+09,0.66,0.0181,6.45,0.334
2036,1,1024,2,13,1,0.0001,2.872573,06a8ad906dc8a3bb,cff0d5f929dc08e7,11.2723,0.8671,2.13E+09,0.74,0.0128,4.96,0.367
2036,1,1024,2,14,1,0.0001,3.038267,06a8ad906dc8a3bb,cff0d5f929dc08e7,10.6576,0.7613,2.13E+09,0.70,0.0241,10.16,0.230
2036,1,1024,2,15,1,0.0001,2.494536,06a8ad906dc8a3bb,cff0d5f929dc08e7,12.9806,0.8654,2.13E+09,0.85,0.0111,5.04,0.331
2036,1,1024,2,16,1,0.0001,2.36381,06a8ad906dc8a3bb,cff0d5f929dc08e7,13.6984,0.8562,2.13E+09,0.90,0.0112,5.44,0.303
2036,1,1024,2,17,1,0.0001,2.247254,06a8ad906dc8a3bb,cff0d5f929dc08e7,14.4089,0.8476,2.13E+09,0.95,0.0112,5.82,0.278
2036,1,1024,2,18,1,0.0001,2.152091,06a8ad906dc8a3bb,cff0d5f929dc08e7,15.0461,0.8359,2.13E+09,0.99,0.0115,6.36,0.253
2036,1,1024,2,19,1,0.0001,1.982969,06a8ad906dc8a3bb,cff0d5f929dc08e7,16.3293,0.8594,2.13E+09,1.07,0.0091,5.30,0.272
2036,1,1024,2,20,1,0.0001,1.921519,06a8ad906dc8a3bb,cff0d5f929dc08e7,16.8515,0.8426,2.13E+09,1.11,0.0098,6.05,0.241
2036,1,1024,2,21,1,0.0001,1.80966,06a8ad906dc8a3bb,cff0d5f929dc08e7,17.8931,0.8521,2.13E+09,1.18,0.0087,5.62,0.243
2036,1,1024,2,22,1,0.0001,1.797731,06a8ad906dc8a3bb,cff0d5f929dc08e7,18.0119,0.8187,2.13E+09,1.18,0.0105,7.17,0.200
2036,1,1024,2,23,1,0.0001,1.704712,06a8ad906dc8a3bb,cff0d5f929dc08e7,18.9947,0.8259,2.13E+09,1.25,0.0096,6.83,0.200
2036,1,1024,2,24,1,0.0001,1.662732,06a8ad906dc8a3bb,cff0d5f929dc08e7,19.4743,0.8114,2.13E+09,1.28,0.0101,7.53,0.181
2036,1,1024,2,25,1,0.0001,1.533178,06a8ad906dc8a3bb,cff0d5f929dc08e7,21.1199,0.8448,2.13E+09,1.39,0.0077,5.95,0.205
2036,1,1024,2,26,1,0.0001,1.546167,06a8ad906dc8a3bb,cff0d5f929dc08e7,20.9424,0.8055,2.13E+09,1.38,0.0097,7.82,0.165
2036,1,1024,2,27,1,0.0001,1.428486,06a8ad906dc8a3bb,cff0d5f929dc08e7,22.6677,0.8395,2.13E+09,1.49,0.0074,6.19,0.188
2036,1,1024,2,28,1,0.0001,1.385589,06a8ad906dc8a3bb,cff0d5f929dc08e7,23.3695,0.8346,2.13E+09,1.53,0.0073,6.42,0.178
2036,1,1024,2,29,1,0.0001,1.378704,06a8ad906dc8a3bb,cff0d5f929dc08e7,23.4862,0.8099,2.13E+09,1.54,0.0084,7.60,0.154
2036,1,1024,2,30,1,0.0001,1.309648,06a8ad906dc8a3bb,cff0d5f929dc08e7,24.7246,0.8242,2.13E+09,1.62,0.0074,6.91,0.159
2036,1,1024,2,31,1,0.0001,1.28124,06a8ad906dc8a3bb,cff0d5f929dc08e7,25.2728,0.8153,2.13E+09,1.66,0.0076,7.34,0.149
2036,1,1024,2,32,1,0.0001,1.240287,06a8ad906dc8a3bb,cff0d5f929dc08e7,26.1073,0.8159,2.13E+09,1.71,0.0073,7.31,0.145
2036,0,1024,3,1,1,0.0001,32.381938,06a8ad906dc8a3bb,cff0d5f929dc08e7,1.0000,1.0000,2.13E+09,0.07,n/a,0.00,1.000
2036,1,1024,3,1,1,0.0001,32.40934,06a8ad906dc8a3bb,cff0d5f929dc08e7,0.9991,0.9991,2.13E+09,0.07,n/a,0.03,0.999
2036,1,1024,3,2,1,0.0001,17.257678,06a8ad906dc8a3bb,cff0d5f929dc08e7,1.8763,0.9381,2.13E+09,0.12,0.0659,2.13,0.890
2036,1,1024,3,3,1,0.0001,11.663006,06a8ad906dc8a3bb,cff0d5f929dc08e7,2.7763,0.9254,2.13E+09,0.18,0.0403,2.61,0.817
2036,1,1024,3,4,1,0.0001,8.925371,06a8ad906dc8a3bb,cff0d5f929dc08e7,3.6279,0.9070,2.13E+09,0.24,0.0342,3.32,0.729
2036,1,1024,3,5,1,0.0001,7.136499,06a8ad906dc8a3bb,cff0d5f929dc08e7,4.5373,0.9075,2.13E+09,0.30,0.0255,3.30,0.684
2036,1,1024,3,6,1,0.0001,5.960176,06a8ad906dc8a3bb,cff0d5f929dc08e7,5.4328,0.9055,2.13E+09,0.36,0.0209,3.38,0.638
2036,1,1024,3,7,1,0.0001,5.16546,06a8ad906dc8a3bb,cff0d5f929dc08e7,6.2687,0.8955,2.13E+09,0.41,0.0194,3.78,0.578
2036,1,1024,3,8,1,0.0001,4.544104,06a8ad906dc8a3bb,cff0d5f929dc08e7,7.1258,0.8907,2.13E+09,0.47,0.0175,3.97,0.534
2036,1,1024,3,9,1,0.0001,4.047366,06a8ad906dc8a3bb,cff0d5f929dc08e7,8.0004,0.8889,2.13E+09,0.53,0.0156,4.05,0.500
2036,1,1024,3,10,1,0.0001,3.680444,06a8ad906dc8a3bb,cff0d5f929dc08e7,8.7980,0.8798,2.13E+09,0.58,0.0152,4.42,0.454
2036,1,1024,3,11,1,0.0001,3.323229,06a8ad906dc8a3bb,cff0d5f929dc08e7,9.7437,0.8858,2.13E+09,0.64,0.0129,4.18,0.443
2036,1,1024,3,12,1,0.0001,3.079533,06a8ad906dc8a3bb,cff0d5f929dc08e7,10.5147,0.8762,2.13E+09,0.69,0.0128,4.57,0.402
2036,1,1024,3,13,1,0.0001,2.83383,06a8ad906dc8a3bb,cff0d5f929dc08e7,11.4264,0.8790,2.13E+09,0.75,0.0115,4.46,0.389
2036,1,1024,3,14,1,0.0001,2.690695,06a8ad906dc8a3bb,cff0d5f929dc08e7,12.0342,0.8596,2.13E+09,0.79,0.0126,5.29,0.337
2036,1,1024,3,15,1,0.0001,2.47856,06a8ad906dc8a3bb,cff0d5f929dc08e7,13.0642,0.8709,2.13E+09,0.86,0.0106,4.80,0.341
2036,1,1024,3,16,1,0.0001,2.326281,06a8ad906dc8a3bb,cff0d5f929dc08e7,13.9194,0.8700,2.13E+09,0.91,0.0100,4.84,0.325
2036,1,1024,3,17,1,0.0001,2.284824,06a8ad906dc8a3bb,cff0d5f929dc08e7,14.1720,0.8336,2.13E+09,0.93,0.0125,6.46,0.261
2036,1,1024,3,18,1,0.0001,2.100664,06a8ad906dc8a3bb,cff0d5f929dc08e7,15.4144,0.8564,2.13E+09,1.01,0.0099,5.43,0.279
2036,1,1024,3,19,1,0.0001,2.047476,06a8ad906dc8a3bb,cff0d5f929dc08e7,15.8148,0.8324,2.13E+09,1.04,0.0112,6.52,0.239
2036,1,1024,3,20,1,0.0001,1.897857,06a8ad906dc8a3bb,cff0d5f929dc08e7,17.0616,0.8531,2.13E+09,1.12,0.0091,5.58,0.254
2036,1,1024,3,21,1,0.0001,1.804488,06a8ad906dc8a3bb,cff0d5f929dc08e7,17.9444,0.8545,2.13E+09,1.18,0.0085,5.51,0.247
2036,1,1024,3,22,1,0.0001,1.730796,06a8ad906dc8a3bb,cff0d5f929dc08e7,18.7084,0.8504,2.13E+09,1.23,0.0084,5.70,0.233
2036,1,1024,3,23,1,0.0001,1.676075,06a8ad906dc8a3bb,cff0d5f929dc08e7,19.3192,0.8400,2.13E+09,1.27,0.0087,6.17,0.214
2036,1,1024,3,24,1,0.0001,1.65492,06a8ad906dc8a3bb,cff0d5f929dc08e7,19.5662,0.8153,2.13E+09,1.28,0.0099,7.34,0.184
2036,1,1024,3,25,1,0.0001,1.5406,06a8ad906dc8a3bb,cff0d5f929dc08e7,21.0181,0.8407,2.13E+09,1.38,0.0079,6.13,0.201
2036,1,1024,3,26,1,0.0001,1.485439,06a8ad906dc8a3bb,cff0d5f929dc08e7,21.7986,0.8384,2.13E+09,1.43,0.0077,6.24,0.192
2036,1,1024,3,27,1,0.0001,1.448847,06a8ad906dc8a3bb,cff0d5f929dc08e7,22.3491,0.8277,2.13E+09,1.47,0.0080,6.74,0.177
2036,1,1024,3,28,1,0.0001,1.43986,06a8ad906dc8a3bb,cff0d5f929dc08e7,22.4886,0.8032,2.13E+09,1.48,0.0091,7.94,0.154
2036,1,1024,3,29,1,0.0001,1.350706,06a8ad906dc8a3bb,cff0d5f929dc08e7,23.9730,0.8267,2.13E+09,1.57,0.0075,6.79,0.166
2036,1,1024,3,30,1,0.0001,1.309922,06a8ad906dc8a3bb,cff0d5f929dc08e7,24.7194,0.8240,2.13E+09,1.62,0.0074,6.92,0.159
2036,1,1024,3,31,1,0.0001,1.308006,06a8ad906dc8a3bb,cff0d5f929dc08e7,24.7556,0.7986,2.13E+09,1.63,0.0084,8.17,0.138
2036,1,1024,3,32,1,0.0001,1.259695,06a8ad906dc8a3bb,cff0d5f929dc08e7,25.7050,0.8033,2.13E+09,1.69,0.0079,7.93,0.137
2036,1,1024,3,33,1,0.0001,1.198014,06a8ad906dc8a3bb,cff0d5f929dc08e7,27.0285,0.8190,2.13E+09,1.78,0.0069,7.15,0.143
2036,1,1024,3,34,1,0.0001,1.205123,06a8ad906dc8a3bb,cff0d5f929dc08e7,26.8690,0.7903,2.13E+09,1.76,0.0080,8.59,0.123
2036,1,1024,3,35,1,0.0001,1.184179,06a8ad906dc8a3bb,cff0d5f929dc08e7,27.3443,0.7813,2.13E+09,1.80,0.0082,9.07,0.116
2036,1,1024,3,36,1,0.0001,1.167845,06a8ad906dc8a3bb,cff0d5f929dc08e7,27.7267,0.7702,2.13E+09,1.82,0.0085,9.66,0.108
2036,1,1024,3,37,1,0.0001,1.084349,06a8ad906dc8a3bb,cff0d5f929dc08e7,29.8617,0.8071,2.13E+09,1.96,0.0066,7.74,0.123
2036,1,1024,3,38,1,0.0001,1.078545,06a8ad906dc8a3bb,cff0d5f929dc08e7,30.0224,0.7901,2.13E+09,1.97,0.0072,8.60,0.111
2036,1,1024,3,39,1,0.0001,1.04833,06a8ad906dc8a3bb,cff0d5f929dc08e7,30.8877,0.7920,2.13E+09,2.03,0.0069,8.50,0.110
2036,1,1024,3,40,1,0.0001,1.015998,06a8ad906dc8a3bb,cff0d5f929dc08e7,31.8706,0.7968,2.13E+09,2.09,0.0065,8.26,0.110
2036,1,1024,3,41,1,0.0001,1.005341,06a8ad906dc8a3bb,cff0d5f929dc08e7,32.2085,0.7856,2.13E+09,2.12,0.0068,8.84,0.102
2036,1,1024,3,42,1,0.0001,1.037907,06a8ad906dc8a3bb,cff0d5f929dc08e7,31.1979,0.7428,2.13E+09,2.05,0.0084,11.21,0.085
2036,1,1024,3,43,1,0.0001,0.965378,06a8ad906dc8a3bb,cff0d5f929dc08e7,33.5418,0.7800,2.13E+09,2.20,0.0067,9.13,0.096
2036,1,1024,3,44,1,0.0001,1.080001,06a8ad906dc8a3bb,cff0d5f929dc08e7,29.9819,0.6814,2.13E+09,1.97,0.0109,15.14,0.067
2036,1,1024,3,45,1,0.0001,0.942793,06a8ad906dc8a3bb,cff0d5f929dc08e7,34.3453,0.7632,2.13E+09,2.26,0.0071,10.05,0.086
2036,1,1024,3,46,1,0.0001,0.94493,06a8ad906dc8a3bb,cff0d5f929dc08e7,34.2676,0.7449,2.13E+09,2.25,0.0076,11.09,0.079
2036,1,1024,3,47,1,0.0001,0.914369,06a8ad906dc8a3bb,cff0d5f929dc08e7,35.4129,0.7535,2.13E+09,2.33,0.0071,10.59,0.079
2036,1,1024,3,48,1,0.0001,0.969913,06a8ad906dc8a3bb,cff0d5f929dc08e7,33.3849,0.6955,2.13E+09,2.19,0.0093,14.18,0.064
2036,0,1024,4,1,1,0.0001,32.388545,06a8ad906dc8a3bb,cff0d5f929dc08e7,0.9998,0.9998,2.13E+09,0.07,n/a,0.01,1.000
2036,1,1024,4,1,1,0.0001,32.426887,06a8ad906dc8a3bb,cff0d5f929dc08e7,0.9986,0.9986,2.13E+09,0.07,n/a,0.05,0.999
2036,1,1024,4,2,1,0.0001,17.279871,06a8ad906dc8a3bb,cff0d5f929dc08e7,1.8739,0.9369,2.13E+09,0.12,0.0673,2.18,0.888
2036,1,1024,4,3,1,0.0001,11.670628,06a8ad906dc8a3bb,cff0d5f929dc08e7,2.7745,0.9248,2.13E+09,0.18,0.0406,2.63,0.816
2036,1,1024,4,4,1,0.0001,8.918607,06a8ad906dc8a3bb,cff0d5f929dc08e7,3.6307,0.9077,2.13E+09,0.24,0.0339,3.29,0.730
2036,1,1024,4,5,1,0.0001,7.129688,06a8ad906dc8a3bb,cff0d5f929dc08e7,4.5416,0.9083,2.13E+09,0.30,0.0252,3.27,0.686
2036,1,1024,4,6,1,0.0001,5.953761,06a8ad906dc8a3bb,cff0d5f929dc08e7,5.4387,0.9064,2.13E+09,0.36,0.0206,3.34,0.640
2036,1,1024,4,7,1,0.0001,5.161694,06a8ad906dc8a3bb,cff0d5f929dc08e7,6.2732,0.8962,2.13E+09,0.41,0.0193,3.75,0.579
2036,1,1024,4,8,1,0.0001,4.542315,06a8ad906dc8a3bb,cff0d5f929dc08e7,7.1286,0.8911,2.13E+09,0.47,0.0175,3.96,0.534
2036,1,1024,4,9,1,0.0001,4.042891,06a8ad906dc8a3bb,cff0d5f929dc08e7,8.0092,0.8899,2.13E+09,0.53,0.0155,4.01,0.502
2036,1,1024,4,10,1,0.0001,3.735857,06a8ad906dc8a3bb,cff0d5f929dc08e7,8.6675,0.8667,2.13E+09,0.57,0.0171,4.98,0.429
2036,1,1024,4,11,1,0.0001,3.32621,06a8ad906dc8a3bb,cff0d5f929dc08e7,9.7350,0.8850,2.13E+09,0.64,0.0130,4.21,0.441
2036,1,1024,4,12,1,0.0001,3.532868,06a8ad906dc8a3bb,cff0d5f929dc08e7,9.1655,0.7638,2.13E+09,0.60,0.0281,10.01,0.261
2036,1,1024,4,13,1,0.0001,2.838249,06a8ad906dc8a3bb,cff0d5f929dc08e7,11.4086,0.8776,2.13E+09,0.75,0.0116,4.52,0.386
2036,1,1024,4,14,1,0.0001,2.756596,06a8ad906dc8a3bb,cff0d5f929dc08e7,11.7466,0.8390,2.13E+09,0.77,0.0148,6.21,0.307
2036,1,1024,4,15,1,0.0001,2.565587,06a8ad906dc8a3bb,cff0d5f929dc08e7,12.6211,0.8414,2.13E+09,0.83,0.0135,6.10,0.296
2036,1,1024,4,16,1,0.0001,2.401901,06a8ad906dc8a3bb,cff0d5f929dc08e7,13.4812,0.8426,2.13E+09,0.89,0.0125,6.05,0.284
2036,1,1024,4,17,1,0.0001,2.2104,06a8ad906dc8a3bb,cff0d5f929dc08e7,14.6492,0.8617,2.13E+09,0.96,0.0100,5.20,0.298
2036,1,1024,4,18,1,0.0001,2.089752,06a8ad906dc8a3bb,cff0d5f929dc08e7,15.4949,0.8608,2.13E+09,1.02,0.0095,5.24,0.285
2036,1,1024,4,19,1,0.0001,2.021849,06a8ad906dc8a3bb,cff0d5f929dc08e7,16.0153,0.8429,2.13E+09,1.05,0.0104,6.03,0.251
2036,1,1024,4,20,1,0.0001,1.911273,06a8ad906dc8a3bb,cff0d5f929dc08e7,16.9418,0.8471,2.13E+09,1.11,0.0095,5.84,0.246
2036,1,1024,4,21,1,0.0001,1.820017,06a8ad906dc8a3bb,cff0d5f929dc08e7,17.7913,0.8472,2.13E+09,1.17,0.0090,5.84,0.238
2036,1,1024,4,22,1,0.0001,1.800851,06a8ad906dc8a3bb,cff0d5f929dc08e7,17.9807,0.8173,2.13E+09,1.18,0.0106,7.24,0.199
2036,1,1024,4,23,1,0.0001,1.660262,06a8ad906dc8a3bb,cff0d5f929dc08e7,19.5032,0.8480,2.13E+09,1.28,0.0081,5.81,0.222
2036,1,1024,4,24,1,0.0001,1.666962,06a8ad906dc8a3bb,cff0d5f929dc08e7,19.4249,0.8094,2.13E+09,1.28,0.0102,7.63,0.179
2036,1,1024,4,25,1,0.0001,1.572678,06a8ad906dc8a3bb,cff0d5f929dc08e7,20.5894,0.8236,2.13E+09,1.35,0.0089,6.94,0.185
2036,1,1024,4,26,1,0.0001,1.485609,06a8ad906dc8a3bb,cff0d5f929dc08e7,21.7961,0.8383,2.13E+09,1.43,0.0077,6.25,0.192
2036,1,1024,4,27,1,0.0001,1.437148,06a8ad906dc8a3bb,cff0d5f929dc08e7,22.5311,0.8345,2.13E+09,1.48,0.0076,6.42,0.183
2036,1,1024,4,28,1,0.0001,1.388025,06a8ad906dc8a3bb,cff0d5f929dc08e7,23.3285,0.8332,2.13E+09,1.53,0.0074,6.48,0.176
2036,1,1024,4,29,1,0.0001,1.347312,06a8ad906dc8a3bb,cff0d5f929dc08e7,24.0334,0.8287,2.13E+09,1.58,0.0074,6.69,0.168
2036,1,1024,4,30,1,0.0001,1.331663,06a8ad906dc8a3bb,cff0d5f929dc08e7,24.3158,0.8105,2.13E+09,1.60,0.0081,7.57,0.150
2036,1,1024,4,31,1,0.0001,1.29156,06a8ad906dc8a3bb,cff0d5f929dc08e7,25.0708,0.8087,2.13E+09,1.65,0.0079,7.66,0.144
2036,1,1024,4,32,1,0.0001,1.425057,06a8ad906dc8a3bb,cff0d5f929dc08e7,22.7222,0.7101,2.13E+09,1.49,0.0132,13.22,0.097
2036,1,1024,4,33,1,0.0001,1.236201,06a8ad906dc8a3bb,cff0d5f929dc08e7,26.1936,0.7937,2.13E+09,1.72,0.0081,8.41,0.128
2036,1,1024,4,34,1,0.0001,1.175649,06a8ad906dc8a3bb,cff0d5f929dc08e7,27.5427,0.8101,2.13E+09,1.81,0.0071,7.59,0.134
2036,1,1024,4,35,1,0.0001,1.152763,06a8ad906dc8a3bb,cff0d5f929dc08e7,28.0895,0.8026,2.13E+09,1.84,0.0072,7.97,0.126
2036,1,1024,4,36,1,0.0001,1.109649,06a8ad906dc8a3bb,cff0d5f929dc08e7,29.1808,0.8106,2.13E+09,1.92,0.0067,7.57,0.128
2036,1,1024,4,37,1,0.0001,1.275548,06a8ad906dc8a3bb,cff0d5f929dc08e7,25.3856,0.6861,2.13E+09,1.67,0.0127,14.81,0.079
2036,1,1024,4,38,1,0.0001,1.090956,06a8ad906dc8a3bb,cff0d5f929dc08e7,29.6808,0.7811,2.13E+09,1.95,0.0076,9.08,0.107
2036,1,1024,4,39,1,0.0001,1.043561,06a8ad906dc8a3bb,cff0d5f929dc08e7,31.0288,0.7956,2.13E+09,2.04,0.0068,8.32,0.111
2036,1,1024,4,40,1,0.0001,1.045273,06a8ad906dc8a3bb,cff0d5f929dc08e7,30.9780,0.7745,2.13E+09,2.03,0.0075,9.43,0.100
2036,1,1024,4,41,1,0.0001,0.99163,06a8ad906dc8a3bb,cff0d5f929dc08e7,32.6538,0.7964,2.13E+09,2.14,0.0064,8.28,0.107
2036,1,1024,4,42,1,0.0001,1.035936,06a8ad906dc8a3bb,cff0d5f929dc08e7,31.2572,0.7442,2.13E+09,2.05,0.0084,11.13,0.085
2036,1,1024,4,43,1,0.0001,1.044717,06a8ad906dc8a3bb,cff0d5f929dc08e7,30.9945,0.7208,2.13E+09,2.04,0.0092,12.54,0.077
2036,1,1024,4,44,1,0.0001,0.948924,06a8ad906dc8a3bb,cff0d5f929dc08e7,34.1234,0.7755,2.13E+09,2.24,0.0067,9.37,0.092
2036,1,1024,4,45,1,0.0001,0.939893,06a8ad906dc8a3bb,cff0d5f929dc08e7,34.4513,0.7656,2.13E+09,2.26,0.0070,9.91,0.087
2036,1,1024,4,46,1,0.0001,0.949289,06a8ad906dc8a3bb,cff0d5f929dc08e7,34.1103,0.7415,2.13E+09,2.24,0.0077,11.29,0.078
2036,1,1024,4,47,1,0.0001,0.903994,06a8ad906dc8a3bb,cff0d5f929dc08e7,35.8194,0.7621,2.13E+09,2.35,0.0068,10.11,0.082
2036,1,1024,4,48,1,0.0001,0.872062,06a8ad906dc8a3bb,cff0d5f929dc08e7,37.1310,0.7736,2.13E+09,2.44,0.0062,9.48,0.084
2036,1,1024,4,49,1,0.0001,0.909666,06a8ad906dc8a3bb,cff0d5f929dc08e7,35.5960,0.7264,2.13E+09,2.34,0.0078,12.19,0.069
2036,1,1024,4,50,1,0.0001,0.880684,06a8ad906dc8a3bb,cff0d5f929dc08e7,36.7674,0.7353,2.13E+09,2.41,0.0073,11.65,0.070
2036,1,1024,4,51,1,0.0001,0.845569,06a8ad906dc8a3bb,cff0d5f929dc08e7,38.2943,0.7509,2.13E+09,2.51,0.0066,10.74,0.073
2036,1,1024,4,52,1,0.0001,0.827163,06a8ad906dc8a3bb,cff0d5f929dc08e7,39.1464,0.7528,2.13E+09,2.57,0.0064,10.63,0.072
2036,1,1024,4,53,1,0.0001,0.823807,06a8ad906dc8a3bb,cff0d5f929dc08e7,39.3059,0.7416,2.13E+09,2.58,0.0067,11.28,0.068
2036,1,1024,4,54,1,0.0001,0.828177,06a8ad906dc8a3bb,cff0d5f929dc08e7,39.0985,0.7240,2.13E+09,2.57,0.0072,12.34,0.063
2036,1,1024,4,55,1,0.0001,0.783584,06a8ad906dc8a3bb,cff0d5f929dc08e7,41.3236,0.7513,2.13E+09,2.71,0.0061,10.72,0.068
2036,1,1024,4,56,1,0.0001,0.780223,06a8ad906dc8a3bb,cff0d5f929dc08e7,41.5016,0.7411,2.13E+09,2.73,0.0064,11.31,0.065
2036,1,1024,4,57,1,0.0001,0.813555,06a8ad906dc8a3bb,cff0d5f929dc08e7,39.8012,0.6983,2.13E+09,2.61,0.0077,13.99,0.055
2036,1,1024,4,58,1,0.0001,0.779825,06a8ad906dc8a3bb,cff0d5f929dc08e7,41.5228,0.7159,2.13E+09,2.73,0.0070,12.85,0.057
2036,1,1024,4,59,1,0.0001,0.766164,06a8ad906dc8a3bb,cff0d5f929dc08e7,42.2631,0.7163,2.13E+09,2.78,0.0068,12.82,0.056
2036,1,1024,4,60,1,0.0001,0.750651,06a8ad906dc8a3bb,cff0d5f929dc08e7,43.1365,0.7189,2.13E+09,2.83,0.0066,12.66,0.056
2036,1,1024,4,61,1,0.0001,0.757264,06a8ad906dc8a3bb,cff0d5f929dc08e7,42.7598,0.7010,2.13E+09,2.81,0.0071,13.81,0.052
2036,1,1024,4,62,1,0.0001,0.738648,06a8ad906dc8a3bb,cff0d5f929dc08e7,43.8375,0.7071,2.13E+09,2.88,0.0068,13.42,0.052
2036,1,1024,4,63,1,0.0001,0.738451,06a8ad906dc8a3bb,cff0d5f929dc08e7,43.8492,0.6960,2.13E+09,2.88,0.0070,14.14,0.050
2036,1,1024,4,64,1,0.0001,0.704975,06a8ad906dc8a3bb,cff0d5f929dc08e7,45.9314,0.7177,2.13E+09,3.02,0.0062,12.74,0.052
1981,0,4096,4,1,1,0.0001,507.583445,1fef342d24fff701,fc5302946ace139b,1.0000,1.0000,3.32E+10,0.07,n/a,0.00,1.000
1981,1,4096,4,1,1,0.0001,507.560805,1fef342d24fff701,fc5302946ace139b,1.0000,1.0000,3.32E+10,0.07,n/a,-0.02,1.000
1981,1,4096,4,2,1,0.0001,273.862217,1fef342d24fff701,fc5302946ace139b,1.8534,0.9267,3.32E+10,0.12,0.0791,40.14,0.872
1981,1,4096,4,3,1,0.0001,184.345888,1fef342d24fff701,fc5302946ace139b,2.7534,0.9178,3.32E+10,0.18,0.0448,45.45,0.802
1981,1,4096,4,4,1,0.0001,138.421297,1fef342d24fff701,fc5302946ace139b,3.6669,0.9167,3.32E+10,0.24,0.0303,46.10,0.750
1981,1,4096,4,5,1,0.0001,111.112008,1fef342d24fff701,fc5302946ace139b,4.5682,0.9136,3.32E+10,0.30,0.0236,47.98,0.698
1981,1,4096,4,6,1,0.0001,93.035779,1fef342d24fff701,fc5302946ace139b,5.4558,0.9093,3.32E+10,0.36,0.0199,50.63,0.648
1981,1,4096,4,7,1,0.0001,79.907484,1fef342d24fff701,fc5302946ace139b,6.3521,0.9074,3.32E+10,0.42,0.0170,51.77,0.607
1981,1,4096,4,8,1,0.0001,69.955994,1fef342d24fff701,fc5302946ace139b,7.2558,0.9070,3.32E+10,0.47,0.0147,52.06,0.573
1981,1,4096,4,9,1,0.0001,62.462537,1fef342d24fff701,fc5302946ace139b,8.1262,0.9029,3.32E+10,0.53,0.0134,54.58,0.534
1981,1,4096,4,10,1,0.0001,56.23074,1fef342d24fff701,fc5302946ace139b,9.0268,0.9027,3.32E+10,0.59,0.0120,54.72,0.507
1981,1,4096,4,11,1,0.0001,51.20977,1fef342d24fff701,fc5302946ace139b,9.9118,0.9011,3.32E+10,0.65,0.0110,55.72,0.479
1981,1,4096,4,12,1,0.0001,47.052581,1fef342d24fff701,fc5302946ace139b,10.7876,0.8990,3.32E+10,0.71,0.0102,57.05,0.452
1981,1,4096,4,13,1,0.0001,43.556303,1fef342d24fff701,fc5302946ace139b,11.6535,0.8964,3.32E+10,0.76,0.0096,58.65,0.426
1981,1,4096,4,14,1,0.0001,40.429147,1fef342d24fff701,fc5302946ace139b,12.5549,0.8968,3.32E+10,0.82,0.0089,58.42,0.409
1981,1,4096,4,15,1,0.0001,37.790299,1fef342d24fff701,fc5302946ace139b,13.4316,0.8954,3.32E+10,0.88,0.0083,59.27,0.389
1981,1,4096,4,16,1,0.0001,35.871052,1fef342d24fff701,fc5302946ace139b,14.1502,0.8844,3.32E+10,0.93,0.0087,66.35,0.351
1981,1,4096,4,17,1,0.0001,33.625053,1fef342d24fff701,fc5302946ace139b,15.0954,0.8880,3.32E+10,0.99,0.0079,64.04,0.344
1981,1,4096,4,18,1,0.0001,31.84052,1fef342d24fff701,fc5302946ace139b,15.9414,0.8856,3.32E+10,1.04,0.0076,65.55,0.327
1981,1,4096,4,19,1,0.0001,30.331884,1fef342d24fff701,fc5302946ace139b,16.7343,0.8808,3.32E+10,1.09,0.0075,68.72,0.306
1981,1,4096,4,20,1,0.0001,28.728891,1fef342d24fff701,fc5302946ace139b,17.6680,0.8834,3.32E+10,1.16,0.0069,66.99,0.300
1981,1,4096,4,21,1,0.0001,27.399656,1fef342d24fff701,fc5302946ace139b,18.5252,0.8822,3.32E+10,1.21,0.0067,67.81,0.288
1981,1,4096,4,22,1,0.0001,26.165197,1fef342d24fff701,fc5302946ace139b,19.3992,0.8818,3.32E+10,1.27,0.0064,68.05,0.278
1981,1,4096,4,23,1,0.0001,25.334614,1fef342d24fff701,fc5302946ace139b,20.0352,0.8711,3.32E+10,1.31,0.0067,75.11,0.252
1981,1,4096,4,24,1,0.0001,24.049443,1fef342d24fff701,fc5302946ace139b,21.1058,0.8794,3.32E+10,1.38,0.0060,69.60,0.257
1981,1,4096,4,25,1,0.0001,23.093075,1fef342d24fff701,fc5302946ace139b,21.9799,0.8792,3.32E+10,1.44,0.0057,69.74,0.249
1981,1,4096,4,26,1,0.0001,22.240287,1fef342d24fff701,fc5302946ace139b,22.8227,0.8778,3.32E+10,1.49,0.0056,70.66,0.239
1981,1,4096,4,27,1,0.0001,21.410942,1fef342d24fff701,fc5302946ace139b,23.7067,0.8780,3.32E+10,1.55,0.0053,70.51,0.233
1981,1,4096,4,28,1,0.0001,20.714766,1fef342d24fff701,fc5302946ace139b,24.5035,0.8751,3.32E+10,1.60,0.0053,72.43,0.222
1981,1,4096,4,29,1,0.0001,20.303529,1fef342d24fff701,fc5302946ace139b,24.9998,0.8621,3.32E+10,1.64,0.0057,81.22,0.200
1981,1,4096,4,30,1,0.0001,19.526336,1fef342d24fff701,fc5302946ace139b,25.9948,0.8665,3.32E+10,1.70,0.0053,78.21,0.200
1981,1,4096,4,31,1,0.0001,18.846387,1fef342d24fff701,fc5302946ace139b,26.9327,0.8688,3.32E+10,1.76,0.0050,76.65,0.197
1981,1,4096,4,32,1,0.0001,18.852341,1fef342d24fff701,fc5302946ace139b,26.9242,0.8414,3.32E+10,1.76,0.0061,95.69,0.165
1981,1,4096,4,33,1,0.0001,18.013323,1fef342d24fff701,fc5302946ace139b,28.1782,0.8539,3.32E+10,1.84,0.0053,86.86,0.172
1981,1,4096,4,34,1,0.0001,17.347742,1fef342d24fff701,fc5302946ace139b,29.2593,0.8606,3.32E+10,1.91,0.0049,82.24,0.174
1981,1,4096,4,35,1,0.0001,17.456896,1fef342d24fff701,fc5302946ace139b,29.0764,0.8308,3.32E+10,1.90,0.0060,103.41,0.144
1981,1,4096,4,36,1,0.0001,16.504556,1fef342d24fff701,fc5302946ace139b,30.7541,0.8543,3.32E+10,2.01,0.0049,86.58,0.160
1981,1,4096,4,37,1,0.0001,16.015124,1fef342d24fff701,fc5302946ace139b,31.6940,0.8566,3.32E+10,2.07,0.0047,84.98,0.159
1981,1,4096,4,38,1,0.0001,15.786086,1fef342d24fff701,fc5302946ace139b,32.1539,0.8462,3.32E+10,2.10,0.0049,92.29,0.146
1981,1,4096,4,39,1,0.0001,15.288048,1fef342d24fff701,fc5302946ace139b,33.2013,0.8513,3.32E+10,2.17,0.0046,88.65,0.147
1981,1,4096,4,40,1,0.0001,15.047193,1fef342d24fff701,fc5302946ace139b,33.7328,0.8433,3.32E+10,2.21,0.0048,94.30,0.138
1981,1,4096,4,41,1,0.0001,14.465244,1fef342d24fff701,fc5302946ace139b,35.0899,0.8559,3.32E+10,2.30,0.0042,85.49,0.145
1981,1,4096,4,42,1,0.0001,14.33606,1fef342d24fff701,fc5302946ace139b,35.4061,0.8430,3.32E+10,2.32,0.0045,94.53,0.132
1981,1,4096,4,43,1,0.0001,13.915028,1fef342d24fff701,fc5302946ace139b,36.4774,0.8483,3.32E+10,2.39,0.0043,90.76,0.133
1981,1,4096,4,44,1,0.0001,13.549456,1fef342d24fff701,fc5302946ace139b,37.4615,0.8514,3.32E+10,2.45,0.0041,88.59,0.133
1981,1,4096,4,45,1,0.0001,13.30714,1fef342d24fff701,fc5302946ace139b,38.1437,0.8476,3.32E+10,2.50,0.0041,91.24,0.127
1981,1,4096,4,46,1,0.0001,13.029928,1fef342d24fff701,fc5302946ace139b,38.9552,0.8469,3.32E+10,2.55,0.0040,91.79,0.124
1981,1,4096,4,47,1,0.0001,13.182749,1fef342d24fff701,fc5302946ace139b,38.5036,0.8192,3.32E+10,2.52,0.0048,112.01,0.105
1981,1,4096,4,48,1,0.0001,13.320739,1fef342d24fff701,fc5302946ace139b,38.1048,0.7938,3.32E+10,2.49,0.0055,131.81,0.092
1981,1,4096,4,49,1,0.0001,12.430468,1fef342d24fff701,fc5302946ace139b,40.8338,0.8333,3.32E+10,2.67,0.0042,101.51,0.109
1981,1,4096,4,50,1,0.0001,12.250105,1fef342d24fff701,fc5302946ace139b,41.4350,0.8287,3.32E+10,2.71,0.0042,104.92,0.105
1981,1,4096,4,51,1,0.0001,12.083767,1fef342d24fff701,fc5302946ace139b,42.0054,0.8236,3.32E+10,2.75,0.0043,108.69,0.100
1981,1,4096,4,52,1,0.0001,12.097245,1fef342d24fff701,fc5302946ace139b,41.9586,0.8069,3.32E+10,2.74,0.0047,121.47,0.091
1981,1,4096,4,53,1,0.0001,11.812112,1fef342d24fff701,fc5302946ace139b,42.9714,0.8108,3.32E+10,2.81,0.0045,118.46,0.091
1981,1,4096,4,54,1,0.0001,11.439257,1fef342d24fff701,fc5302946ace139b,44.3721,0.8217,3.32E+10,2.90,0.0041,110.14,0.094
1981,1,4096,4,55,1,0.0001,11.099536,1fef342d24fff701,fc5302946ace139b,45.7301,0.8315,3.32E+10,2.99,0.0038,102.89,0.097
1981,1,4096,4,56,1,0.0001,10.909532,1fef342d24fff701,fc5302946ace139b,46.5266,0.8308,3.32E+10,3.04,0.0037,103.35,0.095
1981,1,4096,4,57,1,0.0001,10.893996,1fef342d24fff701,fc5302946ace139b,46.5930,0.8174,3.32E+10,3.05,0.0040,113.37,0.088
1981,1,4096,4,58,1,0.0001,10.605484,1fef342d24fff701,fc5302946ace139b,47.8605,0.8252,3.32E+10,3.13,0.0037,107.53,0.090
1981,1,4096,4,59,1,0.0001,10.612435,1fef342d24fff701,fc5302946ace139b,47.8291,0.8107,3.32E+10,3.13,0.0040,118.55,0.082
1981,1,4096,4,60,1,0.0001,10.353627,1fef342d24fff701,fc5302946ace139b,49.0247,0.8171,3.32E+10,3.21,0.0038,113.63,0.084
1981,1,4096,4,61,1,0.0001,10.267016,1fef342d24fff701,fc5302946ace139b,49.4383,0.8105,3.32E+10,3.23,0.0039,118.70,0.080
1981,1,4096,4,62,1,0.0001,10.130958,1fef342d24fff701,fc5302946ace139b,50.1022,0.8081,3.32E+10,3.28,0.0039,120.54,0.078
1981,1,4096,4,63,1,0.0001,9.720318,1fef342d24fff701,fc5302946ace139b,52.2188,0.8289,3.32E+10,3.42,0.0033,104.80,0.085
1981,1,4096,4,64,1,0.0001,11.090332,1fef342d24fff701,fc5302946ace139b,45.7681,0.7151,3.32E+10,2.99,0.0063,202.20,0.052
2038,0,2048,4,1,1,0.0001,131.014678,0a29f33d4565cc3b,0273cbf491d3ad29,1.0000,1.0000,8.53E+09,0.07,n/a,0.00,1.000
2038,1,2048,4,1,1,0.0001,131.133651,0a29f33d4565cc3b,0273cbf491d3ad29,0.9991,0.9991,8.53E+09,0.07,n/a,0.12,0.999
2038,1,2048,4,2,1,0.0001,70.445989,0a29f33d4565cc3b,0273cbf491d3ad29,1.8598,0.9299,8.53E+09,0.12,0.0754,9.88,0.877
2038,1,2048,4,3,1,0.0001,47.244942,0a29f33d4565cc3b,0273cbf491d3ad29,2.7731,0.9244,8.53E+09,0.18,0.0409,10.72,0.815
2038,1,2048,4,4,1,0.0001,35.79468,0a29f33d4565cc3b,0273cbf491d3ad29,3.6602,0.9150,8.53E+09,0.24,0.0309,12.16,0.746
2038,1,2048,4,5,1,0.0001,28.819146,0a29f33d4565cc3b,0273cbf491d3ad29,4.5461,0.9092,8.53E+09,0.30,0.0250,13.08,0.688
2038,1,2048,4,6,1,0.0001,24.120419,0a29f33d4565cc3b,0273cbf491d3ad29,5.4317,0.9053,8.53E+09,0.35,0.0209,13.71,0.638
2038,1,2048,4,7,1,0.0001,20.856601,0a29f33d4565cc3b,0273cbf491d3ad29,6.2817,0.8974,8.53E+09,0.41,0.0191,14.98,0.582
2038,1,2048,4,8,1,0.0001,18.358918,0a29f33d4565cc3b,0273cbf491d3ad29,7.1363,0.8920,8.53E+09,0.46,0.0173,15.86,0.537
2038,1,2048,4,9,1,0.0001,16.43481,0a29f33d4565cc3b,0273cbf491d3ad29,7.9718,0.8858,8.53E+09,0.52,0.0161,16.90,0.493
2038,1,2048,4,10,1,0.0001,14.817068,0a29f33d4565cc3b,0273cbf491d3ad29,8.8421,0.8842,8.53E+09,0.58,0.0145,17.16,0.463
2038,1,2048,4,11,1,0.0001,13.414886,0a29f33d4565cc3b,0273cbf491d3ad29,9.7664,0.8879,8.53E+09,0.64,0.0126,16.55,0.448
2038,1,2048,4,12,1,0.0001,12.333231,0a29f33d4565cc3b,0273cbf491d3ad29,10.6229,0.8852,8.53E+09,0.69,0.0118,16.98,0.421
2038,1,2048,4,13,1,0.0001,11.565653,0a29f33d4565cc3b,0273cbf491d3ad29,11.3279,0.8714,8.53E+09,0.74,0.0123,19.34,0.374
2038,1,2048,4,14,1,0.0001,10.698635,0a29f33d4565cc3b,0273cbf491d3ad29,12.2459,0.8747,8.53E+09,0.80,0.0110,18.77,0.363
2038,1,2048,4,15,1,0.0001,10.0297,0a29f33d4565cc3b,0273cbf491d3ad29,13.0627,0.8708,8.53E+09,0.85,0.0106,19.43,0.340
2038,1,2048,4,16,1,0.0001,9.606104,0a29f33d4565cc3b,0273cbf491d3ad29,13.6387,0.8524,8.53E+09,0.89,0.0115,22.68,0.298
2038,1,2048,4,17,1,0.0001,8.939037,0a29f33d4565cc3b,0273cbf491d3ad29,14.6565,0.8621,8.53E+09,0.95,0.0100,20.95,0.299
2038,1,2048,4,18,1,0.0001,8.526702,0a29f33d4565cc3b,0273cbf491d3ad29,15.3652,0.8536,8.53E+09,1.00,0.0101,22.47,0.275
2038,1,2048,4,19,1,0.0001,8.126427,0a29f33d4565cc3b,0273cbf491d3ad29,16.1221,0.8485,8.53E+09,1.05,0.0099,23.39,0.258
2038,1,2048,4,20,1,0.0001,7.763276,0a29f33d4565cc3b,0273cbf491d3ad29,16.8762,0.8438,8.53E+09,1.10,0.0097,24.25,0.242
2038,1,2048,4,21,1,0.0001,7.413361,0a29f33d4565cc3b,0273cbf491d3ad29,17.6728,0.8416,8.53E+09,1.15,0.0094,24.67,0.231
2038,1,2048,4,22,1,0.0001,7.12849,0a29f33d4565cc3b,0273cbf491d3ad29,18.3790,0.8354,8.53E+09,1.20,0.0094,25.81,0.216
2038,1,2048,4,23,1,0.0001,6.635189,0a29f33d4565cc3b,0273cbf491d3ad29,19.7454,0.8585,8.53E+09,1.29,0.0075,21.59,0.235
2038,1,2048,4,24,1,0.0001,6.417484,0a29f33d4565cc3b,0273cbf491d3ad29,20.4153,0.8506,8.53E+09,1.33,0.0076,23.00,0.218
2038,1,2048,4,25,1,0.0001,6.223625,0a29f33d4565cc3b,0273cbf491d3ad29,21.0512,0.8420,8.53E+09,1.37,0.0078,24.58,0.202
2038,1,2048,4,26,1,0.0001,6.003664,0a29f33d4565cc3b,0273cbf491d3ad29,21.8225,0.8393,8.53E+09,1.42,0.0077,25.08,0.193
2038,1,2048,4,27,1,0.0001,5.822828,0a29f33d4565cc3b,0273cbf491d3ad29,22.5002,0.8333,8.53E+09,1.47,0.0077,26.20,0.182
2038,1,2048,4,28,1,0.0001,5.502413,0a29f33d4565cc3b,0273cbf491d3ad29,23.8104,0.8504,8.53E+09,1.55,0.0065,23.05,0.193
2038,1,2048,4,29,1,0.0001,5.269182,0a29f33d4565cc3b,0273cbf491d3ad29,24.8643,0.8574,8.53E+09,1.62,0.0059,21.79,0.195
2038,1,2048,4,30,1,0.0001,5.058486,0a29f33d4565cc3b,0273cbf491d3ad29,25.9000,0.8633,8.53E+09,1.69,0.0055,20.74,0.196
2038,1,2048,4,31,1,0.0001,5.154183,0a29f33d4565cc3b,0273cbf491d3ad29,25.4191,0.8200,8.53E+09,1.66,0.0073,28.76,0.152
2038,1,2048,4,32,1,0.0001,5.200811,0a29f33d4565cc3b,0273cbf491d3ad29,25.1912,0.7872,8.53E+09,1.64,0.0087,35.41,0.128
2038,1,2048,4,33,1,0.0001,4.660689,0a29f33d4565cc3b,0273cbf491d3ad29,28.1106,0.8518,8.53E+09,1.83,0.0054,22.79,0.170
2038,1,2048,4,34,1,0.0001,4.86766,0a29f33d4565cc3b,0273cbf491d3ad29,26.9153,0.7916,8.53E+09,1.75,0.0080,34.49,0.124
2038,1,2048,4,35,1,0.0001,4.570344,0a29f33d4565cc3b,0273cbf491d3ad29,28.6663,0.8190,8.53E+09,1.87,0.0065,28.95,0.136
2038,1,2048,4,36,1,0.0001,4.224547,0a29f33d4565cc3b,0273cbf491d3ad29,31.0127,0.8615,8.53E+09,2.02,0.0046,21.07,0.167
2038,1,2048,4,37,1,0.0001,4.463669,0a29f33d4565cc3b,0273cbf491d3ad29,29.3513,0.7933,8.53E+09,1.91,0.0072,34.14,0.116
2038,1,2048,4,38,1,0.0001,4.177381,0a29f33d4565cc3b,0273cbf491d3ad29,31.3629,0.8253,8.53E+09,2.04,0.0057,27.73,0.131
2038,1,2048,4,39,1,0.0001,4.296844,0a29f33d4565cc3b,0273cbf491d3ad29,30.4909,0.7818,8.53E+09,1.99,0.0073,36.56,0.105
2038,1,2048,4,40,1,0.0001,4.000282,0a29f33d4565cc3b,0273cbf491d3ad29,32.7514,0.8188,8.53E+09,2.13,0.0057,29.00,0.121
2038,1,2048,4,41,1,0.0001,3.747385,0a29f33d4565cc3b,0273cbf491d3ad29,34.9616,0.8527,8.53E+09,2.28,0.0043,22.63,0.142
2038,1,2048,4,42,1,0.0001,3.980789,0a29f33d4565cc3b,0273cbf491d3ad29,32.9117,0.7836,8.53E+09,2.14,0.0067,36.18,0.099
2038,1,2048,4,43,1,0.0001,3.581355,0a29f33d4565cc3b,0273cbf491d3ad29,36.5824,0.8508,8.53E+09,2.38,0.0042,22.98,0.135
2038,1,2048,4,44,1,0.0001,3.513562,0a29f33d4565cc3b,0273cbf491d3ad29,37.2883,0.8475,8.53E+09,2.43,0.0042,23.58,0.130
2038,1,2048,4,45,1,0.0001,3.893591,0a29f33d4565cc3b,0273cbf491d3ad29,33.6488,0.7478,8.53E+09,2.19,0.0077,44.20,0.081
2038,1,2048,4,46,1,0.0001,3.35634,0a29f33d4565cc3b,0273cbf491d3ad29,39.0350,0.8486,8.53E+09,2.54,0.0040,23.38,0.126
2038,1,2048,4,47,1,0.0001,3.517881,0a29f33d4565cc3b,0273cbf491d3ad29,37.2425,0.7924,8.53E+09,2.43,0.0057,34.33,0.093
2038,1,2048,4,48,1,0.0001,3.76586,0a29f33d4565cc3b,0273cbf491d3ad29,34.7901,0.7248,8.53E+09,2.27,0.0081,49.75,0.070
2038,1,2048,4,49,1,0.0001,3.487747,0a29f33d4565cc3b,0273cbf491d3ad29,37.5643,0.7666,8.53E+09,2.45,0.0063,39.88,0.080
2038,1,2048,4,50,1,0.0001,3.577316,0a29f33d4565cc3b,0273cbf491d3ad29,36.6237,0.7325,8.53E+09,2.38,0.0075,47.85,0.070
2038,1,2048,4,51,1,0.0001,3.209553,0a29f33d4565cc3b,0273cbf491d3ad29,40.8202,0.8004,8.53E+09,2.66,0.0050,32.67,0.089
2038,1,2048,4,52,1,0.0001,3.323191,0a29f33d4565cc3b,0273cbf491d3ad29,39.4244,0.7582,8.53E+09,2.57,0.0063,41.79,0.074
2038,1,2048,4,53,1,0.0001,3.31966,0a29f33d4565cc3b,0273cbf491d3ad29,39.4663,0.7446,8.53E+09,2.57,0.0066,44.93,0.069
2038,1,2048,4,54,1,0.0001,2.900749,0a29f33d4565cc3b,0273cbf491d3ad29,45.1658,0.8364,8.53E+09,2.94,0.0037,25.63,0.102
2038,1,2048,4,55,1,0.0001,3.252922,0a29f33d4565cc3b,0273cbf491d3ad29,40.2760,0.7323,8.53E+09,2.62,0.0068,47.90,0.064
2038,1,2048,4,56,1,0.0001,2.931492,0a29f33d4565cc3b,0273cbf491d3ad29,44.6921,0.7981,8.53E+09,2.91,0.0046,33.15,0.081
2038,1,2048,4,57,1,0.0001,3.180566,0a29f33d4565cc3b,0273cbf491d3ad29,41.1923,0.7227,8.53E+09,2.68,0.0069,50.28,0.059
2038,1,2048,4,58,1,0.0001,2.841334,0a29f33d4565cc3b,0273cbf491d3ad29,46.1103,0.7950,8.53E+09,3.00,0.0045,33.78,0.078
2038,1,2048,4,59,1,0.0001,3.200828,0a29f33d4565cc3b,0273cbf491d3ad29,40.9315,0.6938,8.53E+09,2.67,0.0076,57.83,0.052
2038,1,2048,4,60,1,0.0001,2.649977,0a29f33d4565cc3b,0273cbf491d3ad29,49.4399,0.8240,8.53E+09,3.22,0.0036,27.98,0.087
2038,1,2048,4,61,1,0.0001,2.620473,0a29f33d4565cc3b,0273cbf491d3ad29,49.9966,0.8196,8.53E+09,3.26,0.0037,28.83,0.083
2038,1,2048,4,62,1,0.0001,2.613013,0a29f33d4565cc3b,0273cbf491d3ad29,50.1393,0.8087,8.53E+09,3.26,0.0039,30.99,0.078
2038,1,2048,4,63,1,0.0001,2.621564,0a29f33d4565cc3b,0273cbf491d3ad29,49.9758,0.7933,8.53E+09,3.25,0.0042,34.14,0.071
2038,1,2048,4,64,1,0.0001,3.173495,0a29f33d4565cc3b,0273cbf491d3ad29,41.2840,0.6451,8.53E+09,2.69,0.0087,72.09,0.042
2084,1,16384,4,64,1,0.0001,69.115998,2ee108e48da0bb9f,d5c79d2e9bc6f8fb,,,5.59E+11,8.09,n/a,4423.42,0.015